{"lr": 0.0009909819639278557, "data_time": 0.03992505073547363, "loss": 24.70968395233154, "student.loss_cls": 1.202710635662079, "student.loss_bbox": 0.6895098805427551, "distill.loss_pkd_fpn0": 5.734453134536743, "distill.loss_pkd_fpn1": 5.705401916503906, "distill.loss_pkd_fpn2": 5.781674900054932, "distill.loss_pkd_fpn3": 5.59593355178833, "time": 0.7585405921936035, "epoch": 1, "iter": 50, "memory": 8049, "step": 50}
